"MAINC1 Personal Income Summary: Personal Income, Population, Per Capita Personal Income",,,,,,,Personal income (Percent of U.S.) ,,,,,,,Bureau of Economic Analysis ,,,,,,,Combined Statistical Area,,,,,,,GeoFips,GeoName,2012,2013,2014,2015,2016,201789104,"Albany-Schenectady, NY (Combined Statistical Area)",0.4,0.4,0.4,0.4,0.4,0.489106,"Albuquerque-Santa Fe-Las Vegas, NM (Combined Statistical Area)",0.3,0.3,0.3,0.3,0.3,0.389108,"Amarillo-Borger, TX (Combined Statistical Area)",0.1,0.1,0.1,0.1,0.1,0.189118,"Appleton-Oshkosh-Neenah, WI (Combined Statistical Area)",0.1,0.1,0.1,0.1,0.1,0.189120,"Asheville-Brevard, NC (Combined Statistical Area)",0.1,0.1,0.1,0.1,0.1,0.189122,"Atlanta--Athens-Clarke County--Sandy Springs, GA (Combined Statistical Area)",1.8,1.8,1.8,1.8,1.9,1.989140,"Bend-Redmond-Prineville, OR (Combined Statistical Area)",0,0.1,0.1,0.1,0.1,0.189142,"Birmingham-Hoover-Talladega, AL (Combined Statistical Area)",0.4,0.4,0.4,0.4,0.4,0.489144,"Bloomington-Bedford, IN (Combined Statistical Area)",0,0,0,0,0,0.189145,"Bloomington-Pontiac, IL (Combined Statistical Area)",0.1,0.1,0.1,0.1,0.1,0.189146,"Bloomsburg-Berwick-Sunbury, PA (Combined Statistical Area)",0.1,0.1,0.1,0.1,0.1,0.189147,"Boise City-Mountain Home-Ontario, ID-OR (Combined Statistical Area)",0.2,0.2,0.2,0.2,0.2,0.289148,"Boston-Worcester-Providence, MA-RI-NH-CT (Combined Statistical Area)",3.2,3.2,3.2,3.2,3.2,3.289150,"Bowling Green-Glasgow, KY (Combined Statistical Area)",0,0,0,0,0,089154,"Brownsville-Harlingen-Raymondville, TX (Combined Statistical Area)",0.1,0.1,0.1,0.1,0.1,0.189160,"Buffalo-Cheektowaga, NY (Combined Statistical Area)",0.4,0.4,0.3,0.3,0.3,0.389162,"Cape Coral-Fort Myers-Naples, FL (Combined Statistical Area)",0.4,0.4,0.4,0.4,0.4,0.489164,"Cape Girardeau-Sikeston, MO-IL (Combined Statistical Area)",0,0,0,0,0,089168,"Cedar Rapids-Iowa City, IA (Combined Statistical Area)",0.1,0.1,0.1,0.1,0.1,0.189170,"Charleston-Huntington-Ashland, WV-OH-KY (Combined Statistical Area)",0.2,0.2,0.2,0.2,0.2,0.289172,"Charlotte-Concord, NC-SC (Combined Statistical Area)",0.8,0.7,0.7,0.8,0.8,0.889174,"Chattanooga-Cleveland-Dalton, TN-GA-AL (Combined Statistical Area)",0.2,0.2,0.2,0.2,0.2,0.289176,"Chicago-Naperville, IL-IN-WI (Combined Statistical Area)",3.4,3.4,3.5,3.5,3.4,3.489178,"Cincinnati-Wilmington-Maysville, OH-KY-IN (Combined Statistical Area)",0.7,0.7,0.7,0.7,0.7,0.789184,"Cleveland-Akron-Canton, OH (Combined Statistical Area)",1.1,1.1,1.1,1,1,189185,"Cleveland-Indianola, MS (Combined Statistical Area)",0,0,0,0,0,089188,"Clovis-Portales, NM (Combined Statistical Area)",0,0,0,0,0,089190,"Columbia-Moberly-Mexico, MO (Combined Statistical Area)",0.1,0.1,0.1,0.1,0.1,0.189192,"Columbia-Orangeburg-Newberry, SC (Combined Statistical Area)",0.2,0.2,0.2,0.2,0.2,0.289194,"Columbus-Auburn-Opelika, GA-AL (Combined Statistical Area)",0.1,0.1,0.1,0.1,0.1,0.189198,"Columbus-Marion-Zanesville, OH (Combined Statistical Area)",0.7,0.7,0.7,0.7,0.7,0.789200,"Columbus-West Point, MS (Combined Statistical Area)",0,0,0,0,0,089204,"Corpus Christi-Kingsville-Alice, TX (Combined Statistical Area)",0.1,0.2,0.1,0.1,0.1,0.189206,"Dallas-Fort Worth, TX-OK (Combined Statistical Area)",2.3,2.4,2.4,2.4,2.4,2.489209,"Davenport-Moline, IA-IL (Combined Statistical Area)",0.1,0.1,0.1,0.1,0.1,0.189212,"Dayton-Springfield-Sidney, OH (Combined Statistical Area)",0.3,0.3,0.3,0.3,0.3,0.389216,"Denver-Aurora, CO (Combined Statistical Area)*",1.1,1.2,1.2,1.2,1.2,1.289217,"DeRidder-Fort Polk South, LA (Combined Statistical Area)",0,0,0,0,0,089218,"Des Moines-Ames-West Des Moines, IA (Combined Statistical Area)",0.2,0.2,0.2,0.2,0.2,0.289220,"Detroit-Warren-Ann Arbor, MI (Combined Statistical Area)",1.6,1.6,1.6,1.6,1.6,1.689221,"Dixon-Sterling, IL (Combined Statistical Area)",0,0,0,0,0,089222,"Dothan-Enterprise-Ozark, AL (Combined Statistical Area)",0.1,0.1,0.1,0.1,0.1,0.189232,"Eau Claire-Menomonie, WI (Combined Statistical Area)",0.1,0.1,0.1,0.1,0.1,0.189233,"Edwards-Glenwood Springs, CO (Combined Statistical Area)",0,0.1,0.1,0.1,0.1,0.189236,"Elmira-Corning, NY (Combined Statistical Area)",0.1,0.1,0,0,0,089238,"El Paso-Las Cruces, TX-NM (Combined Statistical Area)",0.2,0.2,0.2,0.2,0.2,0.289240,"Erie-Meadville, PA (Combined Statistical Area)",0.1,0.1,0.1,0.1,0.1,0.189244,"Fargo-Wahpeton, ND-MN (Combined Statistical Area)",0.1,0.1,0.1,0.1,0.1,0.189246,"Fayetteville-Lumberton-Laurinburg, NC (Combined Statistical Area)",0.1,0.1,0.1,0.1,0.1,0.189248,"Findlay-Tiffin, OH (Combined Statistical Area)",0,0,0,0,0,089258,"Fort Wayne-Huntington-Auburn, IN (Combined Statistical Area)",0.2,0.2,0.2,0.2,0.2,0.289260,"Fresno-Madera, CA (Combined Statistical Area)",0.3,0.3,0.3,0.3,0.3,0.389264,"Gainesville-Lake City, FL (Combined Statistical Area)",0.1,0.1,0.1,0.1,0.1,0.189266,"Grand Rapids-Wyoming-Muskegon, MI (Combined Statistical Area)",0.4,0.4,0.4,0.4,0.4,0.489267,"Green Bay-Shawano, WI (Combined Statistical Area)",0.1,0.1,0.1,0.1,0.1,0.189268,"Greensboro--Winston-Salem--High Point, NC (Combined Statistical Area)",0.4,0.4,0.4,0.4,0.4,0.489273,"Greenville-Spartanburg-Anderson, SC (Combined Statistical Area)",0.3,0.3,0.3,0.4,0.4,0.489274,"Greenville-Washington, NC (Combined Statistical Area)",0.1,0.1,0.1,0.1,0.1,0.189276,"Harrisburg-York-Lebanon, PA (Combined Statistical Area)",0.4,0.4,0.4,0.4,0.4,0.489277,"Harrisonburg-Staunton-Waynesboro, VA (Combined Statistical Area)*",0.1,0.1,0.1,0.1,0.1,0.189278,"Hartford-West Hartford, CT (Combined Statistical Area)",0.6,0.6,0.6,0.5,0.5,0.589280,"Hickory-Lenoir, NC (Combined Statistical Area)",0.1,0.1,0.1,0.1,0.1,0.189284,"Hot Springs-Malvern, AR (Combined Statistical Area)",0,0,0,0,0,089288,"Houston-The Woodlands, TX (Combined Statistical Area)",2.3,2.3,2.4,2.4,2.2,2.289290,"Huntsville-Decatur-Albertville, AL (Combined Statistical Area)",0.2,0.2,0.2,0.2,0.2,0.289292,"Idaho Falls-Rexburg-Blackfoot, ID (Combined Statistical Area)",0.1,0.1,0.1,0.1,0.1,0.189294,"Indianapolis-Carmel-Muncie, IN (Combined Statistical Area)",0.7,0.7,0.7,0.7,0.7,0.789296,"Ithaca-Cortland, NY (Combined Statistical Area)",0,0,0,0,0,089297,"Jackson-Brownsville, TN (Combined Statistical Area)",0,0,0,0,0,089298,"Jackson-Vicksburg-Brookhaven, MS (Combined Statistical Area)",0.2,0.2,0.2,0.2,0.2,0.289300,"Jacksonville-St. Marys-Palatka, FL-GA (Combined Statistical Area)",0.4,0.4,0.4,0.4,0.4,0.589304,"Johnson City-Kingsport-Bristol, TN-VA (Combined Statistical Area)*",0.1,0.1,0.1,0.1,0.1,0.189306,"Johnstown-Somerset, PA (Combined Statistical Area)",0.1,0.1,0.1,0.1,0.1,089308,"Jonesboro-Paragould, AR (Combined Statistical Area)",0,0,0,0,0,089309,"Joplin-Miami, MO-OK (Combined Statistical Area)",0.1,0,0,0,0,089310,"Kalamazoo-Battle Creek-Portage, MI (Combined Statistical Area)",0.1,0.1,0.1,0.1,0.1,0.189312,"Kansas City-Overland Park-Kansas City, MO-KS (Combined Statistical Area)",0.7,0.7,0.7,0.7,0.7,0.789314,"Knoxville-Morristown-Sevierville, TN (Combined Statistical Area)",0.3,0.3,0.3,0.3,0.3,0.389316,"Kokomo-Peru, IN (Combined Statistical Area)",0,0,0,0,0,089318,"Lafayette-Opelousas-Morgan City, LA (Combined Statistical Area)",0.2,0.2,0.2,0.2,0.2,0.289320,"Lafayette-West Lafayette-Frankfort, IN (Combined Statistical Area)",0.1,0.1,0.1,0.1,0.1,0.189324,"Lake Charles-Jennings, LA (Combined Statistical Area)",0.1,0.1,0.1,0.1,0.1,0.189330,"Lansing-East Lansing-Owosso, MI (Combined Statistical Area)",0.1,0.1,0.1,0.1,0.1,0.189332,"Las Vegas-Henderson, NV-AZ (Combined Statistical Area)",0.6,0.6,0.6,0.6,0.6,0.689336,"Lexington-Fayette--Richmond--Frankfort, KY (Combined Statistical Area)",0.2,0.2,0.2,0.2,0.2,0.289338,"Lima-Van Wert-Celina, OH (Combined Statistical Area)",0.1,0.1,0.1,0.1,0.1,0.189339,"Lincoln-Beatrice, NE (Combined Statistical Area)",0.1,0.1,0.1,0.1,0.1,0.189340,"Little Rock-North Little Rock, AR (Combined Statistical Area)",0.2,0.2,0.2,0.2,0.2,0.289346,"Longview-Marshall, TX (Combined Statistical Area)",0.1,0.1,0.1,0.1,0.1,0.189348,"Los Angeles-Long Beach, CA (Combined Statistical Area)",6,6,6,6.1,6.2,6.189350,"Louisville/Jefferson County--Elizabethtown--Madison, KY-IN (Combined Statistical Area)",0.4,0.4,0.4,0.4,0.4,0.489352,"Lubbock-Levelland, TX (Combined Statistical Area)",0.1,0.1,0.1,0.1,0.1,0.189356,"Macon-Bibb County--Warner Robins, GA (Combined Statistical Area)",0.1,0.1,0.1,0.1,0.1,0.189357,"Madison-Janesville-Beloit, WI (Combined Statistical Area)",0.3,0.3,0.3,0.3,0.3,0.389358,"Manhattan-Junction City, KS (Combined Statistical Area)",0,0,0,0,0,089359,"Mankato-New Ulm-North Mankato, MN (Combined Statistical Area)",0,0,0,0,0,089360,"Mansfield-Ashland-Bucyrus, OH (Combined Statistical Area)",0.1,0.1,0.1,0,0,089362,"Martin-Union City, TN-KY (Combined Statistical Area)",0,0,0,0,0,089365,"McAllen-Edinburg, TX (Combined Statistical Area)",0.1,0.1,0.1,0.1,0.1,0.189366,"Medford-Grants Pass, OR (Combined Statistical Area)",0.1,0.1,0.1,0.1,0.1,0.189368,"Memphis-Forrest City, TN-MS-AR (Combined Statistical Area)",0.4,0.4,0.4,0.4,0.4,0.489370,"Miami-Fort Lauderdale-Port St. Lucie, FL (Combined Statistical Area)",2.1,2.1,2.1,2.2,2.2,2.289372,"Midland-Odessa, TX (Combined Statistical Area)",0.2,0.2,0.2,0.1,0.1,0.189376,"Milwaukee-Racine-Waukesha, WI (Combined Statistical Area)",0.7,0.7,0.6,0.6,0.6,0.689378,"Minneapolis-St. Paul, MN-WI (Combined Statistical Area)",1.4,1.3,1.4,1.4,1.4,1.489380,"Mobile-Daphne-Fairhope, AL (Combined Statistical Area)",0.2,0.2,0.1,0.1,0.1,0.189382,"Modesto-Merced, CA (Combined Statistical Area)",0.2,0.2,0.2,0.2,0.2,0.289384,"Monroe-Ruston-Bastrop, LA (Combined Statistical Area)",0.1,0.1,0.1,0.1,0.1,0.189390,"Morgantown-Fairmont, WV (Combined Statistical Area)",0.1,0,0,0,0,089393,"Moses Lake-Othello, WA (Combined Statistical Area)",0,0,0,0,0,089394,"Mount Pleasant-Alma, MI (Combined Statistical Area)",0,0,0,0,0,089396,"Myrtle Beach-Conway, SC-NC (Combined Statistical Area)",0.1,0.1,0.1,0.1,0.1,0.189400,"Nashville-Davidson--Murfreesboro, TN (Combined Statistical Area)",0.6,0.6,0.6,0.6,0.6,0.789404,"New Bern-Morehead City, NC (Combined Statistical Area)",0.1,0.1,0.1,0.1,0.1,0.189406,"New Orleans-Metairie-Hammond, LA-MS (Combined Statistical Area)",0.4,0.4,0.4,0.4,0.4,0.489408,"New York-Newark, NY-NJ-CT-PA (Combined Statistical Area)",10.1,10,10,9.9,9.9,1089412,"North Port-Sarasota, FL (Combined Statistical Area)",0.3,0.3,0.3,0.3,0.3,0.389416,"Oklahoma City-Shawnee, OK (Combined Statistical Area)",0.4,0.4,0.4,0.4,0.4,0.489420,"Omaha-Council Bluffs-Fremont, NE-IA (Combined Statistical Area)",0.3,0.3,0.3,0.3,0.3,0.389422,"Orlando-Deltona-Daytona Beach, FL (Combined Statistical Area)",0.7,0.7,0.8,0.8,0.8,0.889423,"Oskaloosa-Pella, IA (Combined Statistical Area)",0,0,0,0,0,089424,"Paducah-Mayfield, KY-IL (Combined Statistical Area)",0,0,0,0,0,089425,"Parkersburg-Marietta-Vienna, WV-OH (Combined Statistical Area)",0,0,0,0,0,089426,"Pensacola-Ferry Pass, FL-AL (Combined Statistical Area)",0.1,0.1,0.1,0.1,0.1,0.189427,"Peoria-Canton, IL (Combined Statistical Area)",0.1,0.1,0.1,0.1,0.1,0.189428,"Philadelphia-Reading-Camden, PA-NJ-DE-MD (Combined Statistical Area)",2.6,2.6,2.6,2.5,2.6,2.589430,"Pittsburgh-New Castle-Weirton, PA-OH-WV (Combined Statistical Area)",0.9,0.9,0.8,0.8,0.8,0.889438,"Portland-Lewiston-South Portland, ME (Combined Statistical Area)",0.2,0.2,0.2,0.2,0.2,0.289440,"Portland-Vancouver-Salem, OR-WA (Combined Statistical Area)",0.9,0.9,0.9,0.9,1,189444,"Pueblo-Ca̱on City, CO (Combined Statistical Area)",0,0,0,0,0,089446,"Pullman-Moscow, WA-ID (Combined Statistical Area)",0,0,0,0,0,089448,"Quincy-Hannibal, IL-MO (Combined Statistical Area)",0,0,0,0,0,089450,"Raleigh-Durham-Chapel Hill, NC (Combined Statistical Area)",0.6,0.6,0.6,0.6,0.7,0.789452,"Rapid City-Spearfish, SD (Combined Statistical Area)",0,0,0,0,0,089454,"Redding-Red Bluff, CA (Combined Statistical Area)",0.1,0.1,0.1,0.1,0.1,0.189456,"Reno-Carson City-Fernley, NV (Combined Statistical Area)",0.2,0.2,0.2,0.2,0.2,0.289458,"Richmond-Connersville, IN (Combined Statistical Area)",0,0,0,0,0,089462,"Rochester-Austin, MN (Combined Statistical Area)",0.1,0.1,0.1,0.1,0.1,0.189464,"Rochester-Batavia-Seneca Falls, NY (Combined Statistical Area)",0.4,0.4,0.3,0.3,0.3,0.389466,"Rockford-Freeport-Rochelle, IL (Combined Statistical Area)",0.1,0.1,0.1,0.1,0.1,0.189468,"Rocky Mount-Wilson-Roanoke Rapids, NC (Combined Statistical Area)",0.1,0.1,0.1,0.1,0.1,0.189470,"Rome-Summerville, GA (Combined Statistical Area)",0,0,0,0,0,089472,"Sacramento-Roseville, CA (Combined Statistical Area)",0.8,0.8,0.8,0.8,0.8,0.889474,"Saginaw-Midland-Bay City, MI (Combined Statistical Area)",0.1,0.1,0.1,0.1,0.1,0.189476,"St. Louis-St. Charles-Farmington, MO-IL (Combined Statistical Area)",1,0.9,0.9,0.9,0.9,0.989482,"Salt Lake City-Provo-Orem, UT (Combined Statistical Area)",0.6,0.6,0.6,0.7,0.7,0.789484,"San Antonio-New Braunfels-Pearsall, TX (Combined Statistical Area)",0.6,0.6,0.7,0.7,0.7,0.789488,"San Jose-San Francisco-Oakland, CA (Combined Statistical Area)",3.8,3.9,4,4.2,4.3,4.489496,"Savannah-Hinesville-Statesboro, GA (Combined Statistical Area)",0.1,0.1,0.1,0.1,0.1,0.189500,"Seattle-Tacoma, WA (Combined Statistical Area)",1.7,1.7,1.7,1.8,1.8,1.989512,"Sioux City-Vermillion, IA-SD-NE (Combined Statistical Area)",0.1,0.1,0.1,0.1,0.1,0.189515,"South Bend-Elkhart-Mishawaka, IN-MI (Combined Statistical Area)",0.2,0.2,0.2,0.2,0.2,0.289518,"Spokane-Spokane Valley-Coeur d'Alene, WA-ID (Combined Statistical Area)",0.2,0.2,0.2,0.2,0.2,0.289520,"Springfield-Branson, MO (Combined Statistical Area)",0.1,0.1,0.1,0.1,0.1,0.189521,"Springfield-Greenfield Town, MA (Combined Statistical Area)",0.2,0.2,0.2,0.2,0.2,0.289522,"Springfield-Jacksonville-Lincoln, IL (Combined Statistical Area)",0.1,0.1,0.1,0.1,0.1,0.189524,"State College-DuBois, PA (Combined Statistical Area)",0.1,0.1,0.1,0.1,0.1,0.189525,"Steamboat Springs-Craig, CO (Combined Statistical Area)",0,0,0,0,0,089532,"Syracuse-Auburn, NY (Combined Statistical Area)",0.2,0.2,0.2,0.2,0.2,0.289533,"Tallahassee-Bainbridge, FL-GA (Combined Statistical Area)",0.1,0.1,0.1,0.1,0.1,0.189534,"Toledo-Port Clinton, OH (Combined Statistical Area)",0.2,0.2,0.2,0.2,0.2,0.289536,"Tucson-Nogales, AZ (Combined Statistical Area)",0.3,0.3,0.3,0.3,0.3,0.389538,"Tulsa-Muskogee-Bartlesville, OK (Combined Statistical Area)",0.4,0.4,0.4,0.4,0.3,0.389540,"Tyler-Jacksonville, TX (Combined Statistical Area)",0.1,0.1,0.1,0.1,0.1,0.189544,"Victoria-Port Lavaca, TX (Combined Statistical Area)",0,0,0,0,0,089545,"Virginia Beach-Norfolk, VA-NC (Combined Statistical Area)*",0.6,0.5,0.5,0.5,0.5,0.589546,"Visalia-Porterville-Hanford, CA (Combined Statistical Area)",0.1,0.1,0.1,0.1,0.1,0.189548,"Washington-Baltimore-Arlington, DC-MD-VA-WV-PA (Combined Statistical Area)*",3.9,3.8,3.7,3.8,3.8,3.889554,"Wausau-Stevens Point-Wisconsin Rapids, WI (Combined Statistical Area)",0.1,0.1,0.1,0.1,0.1,0.189556,"Wichita-Arkansas City-Winfield, KS (Combined Statistical Area)",0.2,0.2,0.2,0.2,0.2,0.289558,"Williamsport-Lock Haven, PA (Combined Statistical Area)",0,0,0,0,0,089566,"Youngstown-Warren, OH-PA (Combined Statistical Area)",0.2,0.2,0.2,0.2,0.2,0.2